id,CES_Score
06001409000,61.56
06001409100,59.87
06001408800,59.65
06013379000,57.04
06013312000,56.88
06001409200,55.29
06013365002,54
06085503105,53.78
06013377000,53.63
06001407300,52.54
06075023103,51.58
06001409500,51.44
06075980600,50.95
06085512602,50.69
06075023200,50.36
06001406000,50.28
06013382000,50.24
06085500100,50.03
06013368002,49.85
06001402200,49.46
06001409400,49.22
06075017902,49.09
06013376000,48.86
06085504318,48.52
06013310000,48.52
06013311000,48.28
06075023400,48.25
06095250701,48.15
06081611900,48.11
06001408900,47.97
06001401800,47.54
06085512603,47.37
06001406100,47.31
06075023102,47.15
06085503601,47.09
06001401400,46.92
06085503122,46.69
06001403000,46.63
06013305000,46.53
06013380000,46.47
06013375000,46.26
06001401700,46.23
06085501600,45.89
06001432400,45.48
06085503110,45.22
06095250801,45.15
06001433200,44.9
06001409300,44.83
06001401500,44.68
06085504602,44.52
06085503214,44.5
06013366002,44.39
06001403300,44.37
06095250900,44.36
06075061200,44.19
06081612000,44.09
06001402500,43.96
06013368001,43.89
06001410500,43.75
06001432501,43.73
06085501102,43.54
06081602300,43.53
06013358000,43.46
06013381000,43.38
06001438203,43.22
06081610201,42.97
06085503602,42.87
06085501401,42.85
06075017801,42.84
06001402400,42.77
06085512310,42.75
06013314103,42.34
06013320001,42.22
06013314104,42.09
06001437101,42.05
06075012502,42
06001444601,41.99
06085503113,41.93
06075017601,41.93
06001401000,41.81
06001407200,41.76
06085503117,41.45
06013313102,41.39
06013309000,41.37
06081602100,41.37
06085501501,41.36
06001401600,41.35
06013313101,41.13
06001425104,40.94
06001407400,40.62
06085505202,40.6
06075023300,40.59
06001402700,40.23
06075012301,40.11
06013364002,40.04
06013392200,39.97
06095251802,39.96
06001422000,39.95
06013302005,39.94
06097153200,39.9
06001405401,39.68
06001440301,39.68
06001406201,39.64
06081604200,39.61
06095251901,39.57
06001437200,39.37
06081602200,39.27
06001428700,39.27
06085501502,39.06
06075023001,39.04
06013306002,39.04
06013314102,38.81
06085504319,38.76
06013315000,38.74
06085503112,38.66
06095253500,38.66
06095252402,38.53
06085501000,38.3
06001438100,38.23
06085503208,38.2
06001402800,38.17
06085512604,38.05
06055200301,38.02
06013369001,37.91
06055200503,37.66
06013366001,37.63
06001407500,37.59
06085503121,37.51
06085503710,37.44
06013327000,37.36
06001428000,37.26
06075012501,37.14
06013306004,37.02
06085502002,36.96
06013303103,36.82
06081600100,36.77
06001401300,36.69
06081601300,36.66
06097153104,36.66
06013355200,36.61
06001436200,36.58
06001406202,36.57
06001432600,36.4
06001423200,36.09
06097153002,36.07
06001436900,36.05
06001400700,35.87
06095251500,35.86
06075026403,35.84
06001433300,35.69
06081600200,35.67
06041112202,35.56
06085503217,35.54
06001425102,35.5
06075022802,35.35
06081610202,35.34
06075025702,35.25
06013307202,35.16
06081610500,35.14
06075023003,35.13
06013316000,35.06
06001402600,35
06075026401,34.98
06081611800,34.98
06075061400,34.96
06001405901,34.89
06013314200,34.87
06085503204,34.84
06001406500,34.76
06085503207,34.67
06001427200,34.67
06001444500,34.54
06085501700,34.5
06001405902,34.49
06013313206,34.4
06085503709,34.35
06085503712,34.31
06013302007,34.22
06095252606,34.21
06001400800,34.19
06085503401,34.17
06013307102,34.12
06001403100,34.09
06095251600,34.07
06075061000,34.05
06001400900,34.02
06085503210,33.97
06013307201,33.85
06085505100,33.8
06001427600,33.77
06001427300,33.76
06013302006,33.72
06013367200,33.69
06095251100,33.65
06001437102,33.6
06013373000,33.6
06001437300,33.48
06001436300,33.48
06001405302,33.44
06075026402,33.44
06001436500,33.42
06001410100,33.38
06081602400,33.35
06013378000,33.33
06095251200,33.32
06001438204,33.11
06095251902,33.11
06081604101,33.1
06001435104,33
06055200203,32.99
06013371000,32.99
06001407102,32.93
06001442800,32.92
06085501200,32.86
06075017802,32.78
06095252605,32.69
06085503402,32.67
06085503306,32.6
06095251000,32.59
06001409600,32.46
06081610302,32.43
06075026404,32.41
06075017700,32.31
06085501402,32.31
06001436800,32.26
06075020100,32.21
06001432502,32.21
06055200202,32.13
06001437000,32.09
06097153003,32.03
06001433900,32.01
06085503510,32.01
06001433700,31.9
06075018000,31.82
06081610400,31.8
06075012401,31.75
06013359103,31.68
06085503218,31.64
06095252604,31.61
06085500800,31.6
06085503305,31.56
06001432300,31.5
06097153102,31.47
06085503123,31.45
06013308001,31.43
06081606200,31.42
06001433400,31.31
06013313204,31.3
06001434000,31.24
06097153300,31.21
06001431000,31.18
06095252401,31.16
06095252502,31.12
06085505009,31.1
06001435400,31.1
06085503213,31.05
06001438400,31
06095252904,30.95
06013307205,30.81
06001433103,30.78
06095250601,30.74
06001408700,30.69
06001425101,30.63
06085503212,30.63
06085512506,30.6
06081612100,30.58
06001424002,30.55
06001405700,30.46
06095252608,30.41
06001437400,30.4
06001407600,30.39
06085503711,30.35
06085500902,30.33
06001406400,30.26
06085502102,30.26
06001435500,30.23
06085501101,30.21
06001405402,30.09
06013367100,30.04
06013301000,30.02
06085512508,30
06001403400,29.99
06085508900,29.99
06001442500,29.98
06013320004,29.96
06001435700,29.93
06095251803,29.92
06085500300,29.92
06013365003,29.9
06013306003,29.86
06085503304,29.84
06001433000,29.76
06001435601,29.72
06001444302,29.64
06085504418,29.63
06001422100,29.54
06013329000,29.52
06001401100,29.5
06095253300,29.45
06001436602,29.34
06001410300,29.28
06081600600,29.23
06095252702,29.12
06081600800,29.09
06095252501,29.09
06075025800,29.06
06085512017,29.01
06085503337,28.98
06085503111,28.82
06075012402,28.81
06095252102,28.78
06095252317,28.68
06075980501,28.51
06001440333,28.5
06013336101,28.46
06085504410,28.43
06001437600,28.39
06085504001,28.36
06001438300,28.34
06081601601,28.24
06085512401,28.24
06001433102,28.21
06001433600,28.2
06075011700,28.18
06085503703,28.18
06085504802,28.16
06001437500,28.15
06097151402,28.07
06085500901,28.03
06085503508,27.98
06001438201,27.89
06081610203,27.86
06013304002,27.82
06085505203,27.78
06097151401,27.77
06001423100,27.74
06001440308,27.73
06001440307,27.71
06095251400,27.62
06001443002,27.61
06001406300,27.59
06013374000,27.58
06085503118,27.56
06001444602,27.55
06075061100,27.49
06097152802,27.48
06081602000,27.47
06001433800,27.43
06001409800,27.38
06001436601,27.36
06001405500,27.34
06001433104,27.27
06001407000,27.21
06001407101,27.18
06055200201,27.14
06001408600,26.98
06001422200,26.97
06013383000,26.91
06095252607,26.9
06041112201,26.9
06081601200,26.88
06013328000,26.85
06085503707,26.81
06097153808,26.8
06081604102,26.74
06085503708,26.7
06001410200,26.66
06001440200,26.65
06001402900,26.65
06095253402,26.63
06085502001,26.62
06013372000,26.62
06001440331,26.57
06001436700,26.56
06013302008,26.54
06085504322,26.52
06085512402,26.5
06001437701,26.5
06085508800,26.44
06081607400,26.41
06085509000,26.4
06085500200,26.39
06095252611,26.36
06075012302,26.28
06001410400,26.25
06001451501,26.2
06085505006,26.13
06085504805,26.11
06013336201,26.05
06055200804,26.04
06085503504,26.02
06001441700,25.97
06095251701,25.95
06085504601,25.94
06085505301,25.94
06013386000,25.9
06001408500,25.89
06001406601,25.88
06097150901,25.85
06097153001,25.84
06085504002,25.83
06013313103,25.81
06085512100,25.75
06013356001,25.74
06097152100,25.69
06075012202,25.67
06013336102,25.64
06075010700,25.63
06097153005,25.58
06085501900,25.53
06081601400,25.52
06085503713,25.51
06001428100,25.47
06095253101,25.44
06001405600,25.43
06001425103,25.42
06001430500,25.39
06001430900,25.35
06081610601,25.33
06013321200,25.15
06013303205,25.14
06095253107,25.13
06001428400,25.13
06075025100,25.07
06095252707,25.01
06001403501,24.96
06081606000,24.95
06001441926,24.93
06085512509,24.91
06085506402,24.91
06013303201,24.84
06085504317,24.84
06085512038,24.81
06081604400,24.72
06075016100,24.64
06081607701,24.62
06001441602,24.61
06001435602,24.55
06001406602,24.52
06001408300,24.52
06075025701,24.45
06001423300,24.35
06085504803,24.34
06095250400,24.29
06013355107,24.28
06085504506,24.26
06013359102,24.24
06013360101,24.24
06041112100,24.23
06085504311,24.21
06075011300,24.21
06001405800,24.2
06001435800,24.17
06001437702,24.16
06001423400,24.14
06085504700,24.05
06095252314,24.04
06085504504,24.01
06081601502,24
06095253204,24
06001409900,23.99
06085504101,23.98
06075060502,23.94
06013303204,23.91
06075020800,23.9
06097154201,23.86
06085505303,23.83
06085503211,23.82
06001405301,23.8
06075012201,23.78
06097151201,23.74
06085503336,23.73
06013303102,23.72
06075022903,23.7
06075020900,23.68
06085503506,23.65
06097152702,23.63
06085504507,23.61
06095250300,23.61
06075022801,23.59
06013303203,23.56
06001442700,23.54
06001420400,23.52
06097153902,23.51
06001436100,23.5
06001440336,23.49
06001432700,23.47
06097152000,23.41
06075016802,23.4
06095253205,23.4
06085512311,23.4
06001410000,23.39
06013336202,23.39
06001442900,23.38
06075020200,23.34
06055201003,23.34
06085506301,23.34
06001451506,23.33
06001440335,23.31
06085504422,23.26
06075031201,23.24
06075026100,23.19
06085505001,23.15
06095250103,23.15
06081611700,23.14
06095253404,23.14
06085506501,23.13
06013307204,23.11
06097152801,23.05
06075015801,23.04
06013304001,22.99
06095253108,22.96
06097153006,22.95
06085512043,22.91
06001443001,22.88
06085503507,22.86
06001435900,22.85
06001444100,22.84
06055200501,22.8
06081606100,22.79
06085509304,22.76
06095252903,22.74
06075012100,22.73
06081610100,22.71
06081600900,22.62
06085509108,22.54
06001451401,22.49
06075022901,22.42
06097150601,22.4
06001431200,22.39
06001422900,22.38
06085502101,22.3
06013313203,22.29
06001440334,22.28
06085512026,22.25
06097153103,22.24
06085501300,22.23
06095252610,22.23
06075012000,22.21
06075010600,22.17
06001442302,22.17
06081610700,22.11
06085503327,22.09
06095252704,22.04
06085505007,22.03
06095252316,21.96
06001437800,21.94
06085512027,21.94
06081613501,21.85
06085506401,21.83
06001405200,21.82
06097150611,21.75
06081600700,21.74
06001437900,21.67
06095251300,21.64
06081607600,21.63
06001444400,21.63
06085500400,21.62
06013317000,21.61
06085504414,21.55
06085505600,21.5
06081606300,21.5
06095252305,21.45
06001441503,21.44
06075031400,21.4
06085503902,21.38
06075033201,21.38
06001436401,21.34
06001440306,21.27
06013387000,21.26
06001451101,21.24
06013318000,21.23
06001435300,21.23
06001432200,21.2
06085501800,21.19
06013313205,21.18
06013302009,21.17
06097150603,21.17
06055201005,21.14
06085502910,21.12
06075022803,21.11
06095250502,21.09
06075033204,21.06
06013339002,21.06
06085512308,21.06
06097151900,20.97
06001408400,20.97
06085503804,20.94
06001428500,20.93
06095250604,20.93
06085509202,20.92
06097151305,20.88
06085508601,20.88
06097152903,20.88
06001409700,20.87
06081610800,20.86
06075025900,20.82
06085508004,20.82
06013308002,20.81
06085512309,20.78
06075025500,20.77
06097150612,20.75
06013319000,20.73
06081601501,20.73
06085504412,20.7
06095252703,20.67
06001442400,20.65
06095253105,20.64
06085504505,20.63
06085504323,20.6
06085506304,20.57
06085506203,20.55
06081607702,20.52
06085504421,20.5
06001441524,20.48
06041105000,20.39
06085512025,20.37
06095250605,20.36
06001441923,20.34
06097150701,20.34
06095252202,20.33
06001427900,20.27
06055201601,20.26
06055200601,20.25
06001442602,20.17
06075011100,20.15
06001450400,20.15
06081600500,20.14
06075031202,20.13
06055200302,20.12
06041129000,20.09
06095252104,20.02
06095252909,20.02
06081609100,20.02
06075010800,20.01
06013392300,19.9
06085509201,19.89
06085504102,19.88
06095251702,19.87
06085503315,19.86
06081613800,19.82
06085505900,19.81
06001440304,19.81
06001451404,19.77
06085508704,19.76
06055200802,19.75
06001440100,19.73
06001424001,19.71
06097154000,19.71
06097153801,19.67
06013370000,19.67
06095250200,19.66
06001430800,19.62
06081607500,19.61
06001441601,19.56
06001427700,19.56
06085503108,19.56
06075016200,19.56
06095251903,19.54
06085504411,19.5
06013302010,19.49
06013359203,19.47
06085504806,19.46
06013331000,19.41
06001451504,19.39
06001450603,19.38
06001450602,19.37
06085504413,19.36
06085508504,19.35
06075025403,19.33
06085505700,19.24
06095252706,19.24
06095252312,19.21
06075011800,19.2
06085505305,19.19
06001450101,19.17
06001403600,19.15
06001431100,19.14
06095252313,19.13
06001423000,19.13
06097153901,19.08
06001435200,19.04
06001436000,19.02
06085512032,19.01
06001450743,19.01
06085505304,19
06075016000,18.99
06085512022,18.91
06081601605,18.91
06095252911,18.91
06097151308,18.91
06013330000,18.87
06085500600,18.84
06085506305,18.81
06075015900,18.8
06081610900,18.79
06085509404,18.74
06001441927,18.7
06085512505,18.68
06013303202,18.67
06013363000,18.65
06075031302,18.64
06001433500,18.59
06075010100,18.57
06055201006,18.55
06001400500,18.55
06081601100,18.53
06075026004,18.51
06085500500,18.46
06075010300,18.46
06041106001,18.43
06085512020,18.39
06075060700,18.37
06013359104,18.35
06085509107,18.32
06085504320,18.32
06001441301,18.3
06085503509,18.29
06081601902,18.28
06001400600,18.28
06085511911,18.22
06001451202,18.15
06085505401,18.15
06001444200,18.1
06055201200,18.08
06085512510,18.07
06055200704,18.06
06013389200,18.06
06085512314,18.05
06001401200,18.03
06085503511,18.03
06085503116,17.97
06097150609,17.92
06081601700,17.88
06085512053,17.8
06075026200,17.79
06001443301,17.76
06097151000,17.76
06085512039,17.76
06085503803,17.73
06081601000,17.73
06001432100,17.7
06085513500,17.69
06085512042,17.66
06001404900,17.66
06081601901,17.65
06085505302,17.65
06041104200,17.65
06085503903,17.63
06001441800,17.6
06013357000,17.6
06075025200,17.58
06097150305,17.56
06013339001,17.52
06085504316,17.5
06013337200,17.49
06013333200,17.49
06097151204,17.49
06001427100,17.43
06075025402,17.41
06075022702,17.4
06085509105,17.37
06097152905,17.33
06081606600,17.32
06085504321,17.3
06081610602,17.3
06001450745,17.27
06085505403,17.26
06085509403,17.25
06085502301,17.24
06085507806,17.24
06081603700,17.24
06001451503,17.24
06013359105,17.21
06001450752,17.21
06085509303,17.2
06081605900,17.19
06075016300,17.18
06001450300,17.18
06001438000,17.15
06085512313,17.15
06001451300,17.14
06001403900,17.13
06075010500,17.1
06001427800,17.09
06097151100,17.08
06001404800,17.06
06081608600,17
06013338101,16.98
06001428200,16.95
06013304003,16.94
06001432800,16.92
06097153401,16.92
06075011000,16.92
06001435102,16.9
06001441200,16.88
06097150602,16.87
06095253403,16.85
06001450742,16.78
06055200505,16.77
06085504901,16.76
06013369002,16.75
06085504314,16.75
06085503321,16.75
06085506702,16.74
06085508508,16.7
06075047902,16.68
06001441924,16.67
06081613700,16.67
06081602500,16.66
06081600300,16.62
06097152701,16.61
06075061500,16.59
06075025401,16.54
06001440305,16.53
06013340001,16.52
06013355108,16.52
06001441100,16.44
06085509102,16.44
06085504307,16.43
06075015500,16.42
06001408200,16.42
06081601603,16.37
06085502201,16.35
06075040100,16.35
06075033203,16.34
06001450607,16.34
06095252802,16.32
06081602600,16.31
06085512029,16.29
06085511915,16.26
06001444301,16.14
06001441921,16.12
06085512312,16.08
06095252103,16.08
06075022704,16.08
06001443321,16.06
06001406900,16.05
06097153600,16.03
06013321101,16.02
06075047801,16.02
06085506103,16
06001451602,15.98
06081603900,15.98
06001422800,15.91
06081604900,15.9
06001420500,15.83
06013324002,15.83
06055201602,15.8
06075011901,15.79
06085505800,15.79
06001403502,15.76
06085508703,15.75
06085503115,15.74
06095252705,15.72
06013389100,15.69
06085506601,15.68
06097150800,15.67
06001441402,15.66
06085502400,15.65
06085512307,15.64
06075060400,15.63
06085508503,15.6
06085506703,15.54
06095251804,15.52
06097154100,15.51
06001442301,15.48
06001442601,15.47
06085512035,15.47
06097150203,15.45
06097150902,15.44
06097150306,15.44
06085507805,15.44
06085510700,15.43
06081600402,15.42
06001441401,15.42
06085506502,15.41
06041104102,15.41
06013332000,15.4
06081603801,15.4
06085508602,15.39
06085511000,15.38
06001451505,15.37
06075026301,15.31
06095250501,15.29
06095252201,15.28
06085509500,15.27
06085502909,15.26
06075026001,15.25
06001406700,15.24
06055200602,15.24
06085512033,15.19
06001407800,15.17
06095252914,15.17
06013355109,15.16
06081601800,15.16
06001451601,15.12
06095250106,15.1
06085504416,15.04
06075026003,15
06095253203,14.96
06001430600,14.94
06055200803,14.91
06075011200,14.9
06085505008,14.88
06075015300,14.88
06085512052,14.87
06041102203,14.83
06085504201,14.82
06097154202,14.81
06085512021,14.8
06085503802,14.79
06001423500,14.77
06085512019,14.77
06095252306,14.68
06075015100,14.65
06095250105,14.64
06075022600,14.63
06085504420,14.62
06081609202,14.62
06055201004,14.58
06085512005,14.58
06001422400,14.57
06055201500,14.56
06081607300,14.55
06097150304,14.52
06075022902,14.49
06001428600,14.47
06095252107,14.47
06097152904,14.46
06085504315,14.45
06001441523,14.45
06095252106,14.41
06001440332,14.38
06095252000,14.37
06001450746,14.35
06095252801,14.31
06075047802,14.28
06081601604,14.27
06085502800,14.27
06085506503,14.22
06001423602,14.21
06085506302,14.2
06075025600,14.19
06001423901,14.16
06081608501,14.15
06075015200,14.11
06001450741,14.07
06085503331,14.07
06085512037,14.05
06081607800,14.04
06081604000,14.02
06001441302,14.01
06097152201,14
06085503329,13.99
06075045100,13.95
06075015400,13.95
06013304005,13.9
06001423902,13.87
06097150702,13.84
06085504415,13.8
06085502604,13.8
06081608004,13.79
06085512045,13.78
06013324001,13.72
06097153705,13.71
06001450751,13.69
06081603802,13.68
06097151307,13.67
06075035300,13.67
06001422700,13.64
06075026302,13.64
06085510801,13.62
06013359204,13.6
06095253106,13.59
06075025300,13.57
06085502701,13.51
06095253206,13.5
06085504202,13.49
06095252315,13.48
06095252915,13.47
06055200707,13.46
06085512034,13.35
06075026303,13.34
06001451704,13.3
06013334004,13.28
06097150610,13.27
06095250104,13.27
06075016400,13.25
06085512503,13.19
06013359202,13.16
06085507701,13.16
06081604800,13.15
06085506605,13.15
06001407700,13.11
06081602800,13.1
06085506603,13.09
06055200705,13.08
06001451701,13.08
06055200504,13.07
06081608400,13.06
06001422300,13.04
06081602700,13.04
06085502901,13.03
06075040200,13.03
06085512305,12.99
06095252108,12.98
06001450102,12.98
06085512023,12.97
06097151301,12.94
06001441521,12.93
06041101200,12.93
06001407900,12.89
06013337100,12.87
06001443102,12.84
06055200400,12.84
06013320003,12.83
06081604500,12.83
06097152203,12.82
06085503330,12.78
06001406800,12.77
06085506102,12.74
06013360200,12.74
06085507905,12.73
06085505402,12.7
06085511100,12.69
06081605400,12.67
06001403702,12.67
06085508204,12.62
06001430700,12.62
06075042601,12.61
06075042700,12.56
06075033100,12.52
06097153806,12.51
06085507903,12.5
06013343001,12.49
06013345111,12.48
06001450200,12.47
06001441522,12.47
06001443105,12.4
06085504423,12.38
06085508102,12.38
06001443104,12.33
06081607200,12.33
06085508505,12.33
06085512024,12.32
06013361000,12.32
06075016600,12.32
06001422500,12.32
06095252105,12.29
06001443103,12.28
06013333102,12.28
06097150607,12.27
06085503003,12.24
06097150303,12.24
06001408100,12.19
06085506000,12.19
06001441501,12.16
06001451201,12.11
06075032602,12.11
06081607900,12.09
06085508202,12.08
06081614000,12.06
06075045200,12.05
06085512047,12.05
06055201401,12.04
06095252908,12.04
06001400300,12.04
06075035400,12.02
06055201007,12.01
06085506204,12.01
06085513000,12
06081608200,11.99
06085502902,11.98
06055202000,11.98
06075031301,11.96
06001450502,11.94
06097153809,11.9
06041110100,11.86
06001450750,11.82
06097153403,11.82
06075011902,11.81
06085503325,11.81
06013345202,11.8
06095252913,11.79
06085505500,11.77
06013322000,11.77
06085508001,11.77
06085508401,11.76
06075010200,11.75
06001450501,11.74
06097153704,11.72
06001404102,11.72
06001403800,11.72
06085503323,11.71
06001441925,11.69
06075047701,11.65
06085512001,11.65
06001442200,11.65
06097153804,11.62
06075010900,11.62
06013335000,11.62
06013334001,11.61
06013333101,11.59
06085509106,11.59
06097151310,11.56
06013356002,11.51
06081608502,11.49
06001421900,11.48
06075032802,11.44
06013355111,11.42
06097152906,11.41
06013388000,11.37
06085506606,11.37
06081610000,11.34
06075015700,11.34
06085508507,11.33
06075020700,11.31
06085508404,11.31
06075013400,11.29
06097153703,11.27
06085506701,11.24
06085507807,11.23
06085506101,11.23
06055200706,11.23
06075035202,11.22
06055201700,11.21
06075047702,11.2
06085512031,11.16
06041106002,11.16
06085508304,11.08
06013355110,11.08
06081611000,11.08
06085502500,11.05
06013307101,11.03
06013338102,10.96
06075015600,10.94
06001443322,10.94
06075010400,10.94
06001400400,10.91
06097150202,10.91
06097151700,10.88
06055201300,10.85
06001423601,10.81
06085509302,10.8
06075032801,10.78
06095253201,10.78
06081605000,10.74
06041109001,10.73
06001430101,10.67
06075035201,10.67
06075013500,10.66
06075026002,10.61
06001451703,10.6
06081606800,10.53
06075012700,10.53
06081613502,10.51
06085503322,10.49
06041104101,10.45
06081603000,10.43
06085507205,10.42
06081613600,10.39
06075032901,10.37
06081608100,10.35
06085502702,10.33
06075047901,10.32
06085508003,10.28
06041119201,10.23
06097151203,10.16
06097152502,10.15
06075047600,10.11
06075013102,10.09
06081602900,10.08
06097153501,10.07
06075013101,10.06
06001428301,10.05
06055201900,10
06075032601,10
06085507702,9.99
06095252910,9.99
06075016500,9.98
06075013300,9.96
06095252311,9.96
06013334200,9.94
06081606700,9.92
06095252912,9.89
06085503324,9.88
06081603200,9.87
06085503313,9.86
06013304004,9.85
06013338201,9.85
06081600401,9.85
06001435103,9.84
06097152400,9.82
06075032902,9.77
06097151502,9.77
06001450701,9.75
06075031100,9.72
06075042602,9.71
06001423700,9.7
06013354001,9.65
06075016900,9.64
06097151309,9.63
06001405000,9.62
06085502906,9.62
06041130202,9.62
06001450601,9.53
06085503333,9.52
06081606500,9.49
06013362000,9.47
06081609201,9.46
06001442100,9.43
06085508101,9.42
06075021000,9.41
06013385100,9.37
06001436402,9.37
06085504308,9.35
06041133000,9.34
06013323000,9.3
06001450606,9.3
06085502302,9.29
06013343002,9.29
06097151311,9.27
06081605200,9.27
06085503326,9.27
06097153903,9.27
06095252310,9.26
06075016700,9.21
06085509700,9.2
06081611300,9.17
06085503001,9.16
06013351102,9.13
06085512036,9.09
06041103200,9.09
06013351103,9.05
06013341000,9.05
06075030301,9.03
06085509109,9.01
06081606400,9
06085511302,8.98
06001430300,8.97
06041101100,8.97
06001420200,8.96
06081605100,8.94
06085507904,8.94
06085512200,8.94
06001450744,8.89
06001403701,8.89
06041121100,8.86
06081609000,8.83
06085510001,8.81
06081608002,8.79
06075016801,8.78
06041111000,8.78
06013384000,8.76
06085511301,8.7
06001451403,8.7
06081607000,8.68
06097152501,8.66
06075015802,8.61
06081608900,8.6
06081605300,8.59
06013355301,8.59
06013345101,8.59
06075031000,8.57
06085502908,8.56
06081611400,8.56
06013325000,8.53
06085509902,8.51
06085502601,8.48
06085511704,8.45
06085510600,8.44
06075030202,8.42
06013345102,8.39
06081610304,8.36
06085503332,8.36
06085510803,8.31
06085512030,8.24
06075030101,8.24
06081612500,8.23
06001404700,8.22
06081612600,8.2
06041108200,8.19
06001428302,8.17
06097151306,8.17
06081603100,8.16
06001451102,8.16
06097154302,8.15
06085502903,8.14
06001421800,8.14
06075017000,8.13
06001420300,8.13
06081609601,8.13
06001404101,8.12
06085507600,8.11
06097153404,8.1
06085507703,8.09
06055201800,8.07
06085511914,8.06
06075033000,8.06
06085511905,8.05
06085509401,7.97
06075012902,7.97
06075030900,7.96
06097150100,7.96
06097151800,7.88
06081609500,7.88
06013360102,7.86
06075030201,7.85
06081608013,7.83
06085510900,7.78
06013334006,7.77
06097151601,7.76
06001404000,7.75
06081606900,7.72
06097150204,7.66
06075032700,7.61
06041121200,7.57
06085506202,7.55
06085503312,7.52
06081607100,7.51
06041131100,7.51
06013345105,7.51
06041102202,7.47
06097150500,7.46
06081605500,7.46
06075042800,7.39
06001430400,7.39
06041123000,7.36
06085507401,7.34
06075013000,7.33
06013355115,7.3
06013338203,7.28
06085511909,7.27
06085506803,7.27
06081611200,7.2
06013390100,7.19
06081608700,7.11
06013338204,7.11
06013338301,7.09
06001450605,7.09
06097153706,7.04
06081604600,7.03
06081613200,6.98
06085511916,6.96
06085503002,6.94
06081608023,6.9
06085507906,6.89
06081608300,6.84
06041125000,6.83
06013345108,6.8
06013355302,6.77
06041130201,6.77
06097154304,6.7
06085503334,6.66
06085509802,6.66
06075017102,6.64
06085509801,6.62
06081608001,6.58
06013348000,6.58
06075021600,6.57
06085506802,6.55
06085507301,6.47
06001442000,6.47
06001430200,6.41
06097152600,6.4
06085507402,6.39
06085511200,6.37
06081613400,6.36
06085511609,6.35
06001405100,6.34
06081613900,6.33
06013337300,6.32
06041104300,6.32
06075020300,6.3
06001421700,6.28
06075035100,6.28
06075021700,6.25
06013349000,6.19
06013345115,6.18
06085506801,6.18
06013340002,6.16
06013345116,6.15
06085507203,6.14
06013385200,6.14
06097152300,6.14
06097151602,6.09
06081609300,6.08
06001443200,6.08
06041126200,6.07
06013355304,6.04
06075030302,6.03
06075020402,6.01
06013321102,6.01
06097151504,5.97
06001420100,5.96
06001408000,5.94
06085508203,5.94
06041110200,5.94
06055201101,5.93
06075030400,5.93
06041108100,5.9
06085502603,5.89
06001420600,5.85
06081605600,5.85
06081603300,5.82
06085508301,5.81
06085506900,5.79
06081604700,5.76
06085511500,5.75
06085502202,5.73
06081609603,5.72
06075030800,5.69
06001404200,5.66
06001404400,5.62
06041119202,5.59
06041109002,5.58
06085507500,5.53
06013338302,5.52
06001426200,5.52
06055200703,5.5
06097153807,5.45
06075012601,5.44
06041120000,5.41
06013390200,5.41
06081613300,5.4
06075030500,5.4
06081613000,5.4
06085502907,5.37
06085509600,5.36
06055201402,5.36
06075012800,5.35
06075012602,5.33
06097152202,5.33
06081603400,5.32
06081611100,5.29
06075021100,5.26
06085506604,5.24
06001450604,5.24
06075017101,5.23
06085511800,5.21
06081611600,5.16
06075030700,5.13
06075021500,5.13
06041103100,5.12
06013343003,5.09
06085511907,5.08
06075030102,5.03
06041124200,4.95
06041132200,4.83
06075013200,4.83
06085511912,4.79
06041128200,4.75
06085511400,4.73
06041107000,4.73
06013321103,4.72
06055201102,4.7
06081612800,4.67
06081609900,4.66
06081609400,4.65
06001421500,4.62
06001404300,4.61
06075021300,4.61
06081610303,4.58
06041117000,4.57
06085511913,4.53
06041128100,4.52
06085510002,4.52
06013345103,4.49
06001404501,4.49
06085507100,4.46
06085507808,4.42
06081609700,4.36
06001404502,4.32
06013345114,4.3
06075020600,4.3
06075021200,4.27
06085511707,4.27
06075021800,4.26
06013345203,4.23
06081612900,4.22
06085510200,4.22
06041132100,4.2
06085507001,4.17
06001430102,4.13
06085508403,4.11
06013355112,4.04
06041116000,4.03
06001400100,3.97
06075030600,3.92
06041115000,3.92
06013351101,3.91
06001423800,3.9
06001421300,3.9
06085509901,3.86
06085511701,3.86
06041114100,3.85
06085507206,3.83
06081608800,3.77
06013350000,3.74
06013355117,3.72
06075021400,3.67
06085508303,3.65
06041118100,3.55
06013346203,3.55
06085510500,3.53
06075020500,3.5
06085511705,3.46
06013326000,3.4
06081609800,3.4
06013345112,3.35
06085510802,3.34
06097153502,3.29
06081605700,3.26
06081605800,3.24
06013355306,3.16
06013353001,3.15
06001421400,3.11
06085511910,3.1
06013355116,3.06
06085511702,3.04
06075060100,2.98
06013346201,2.93
06085510300,2.89
06041124100,2.89
06097151503,2.86
06041114200,2.81
06013352202,2.7
06081609602,2.69
06013355114,2.63
06085507002,2.63
06013391000,2.62
06075012901,2.59
06081611500,2.59
06085510100,2.54
06001426100,2.52
06013353002,2.49
06013355113,2.44
06041127000,2.34
06075020401,2.31
06055201403,2.29
06081612700,2.26
06013346102,2.18
06013352101,2.18
06013346204,2.17
06013345204,2.17
06041102100,2.12
06001404600,2.05
06001421600,2.04
06085507302,1.98
06013354002,1.98
06085510400,1.93
06041113000,1.85
06013347000,1.85
06013346101,1.81
06001400200,1.81
06013345113,1.76
06001421200,1.75
06085506804,1.75
06013352201,1.73
06013351200,1.64
06001421100,1.47
06041119100,1.45
06041126100,1.39
06097154303,1.28
06013352102,1.06
06013392000,0.98
06075980900,NA
06081984300,NA
06001983200,NA
06001981900,NA
06001982000,NA
06055200900,NA
06075980200,NA
06075980300,NA
06001422600,NA
06085511608,NA
06095253000,NA
06095980000,NA
06041122000,NA
06085504417,NA
